{"v":"5.9.6","fr":25,"ip":0,"op":91,"w":1000,"h":1000,"nm":"digi blanco","ddd":0,"assets":[],"layers":[{"ddd":0,"ind":1,"ty":4,"nm":"Ojo D","parent":2,"sr":1,"ks":{"o":{"a":0,"k":100,"ix":11},"r":{"a":0,"k":0,"ix":10},"p":{"a":0,"k":[552,112,0],"ix":2,"l":2},"a":{"a":0,"k":[89,111,0],"ix":1,"l":2},"s":{"a":0,"k":[100,100,100],"ix":6,"l":2}},"ao":0,"shapes":[{"ty":"gr","it":[{"ind":0,"ty":"sh","ix":1,"ks":{"a":0,"k":{"i":[[0,-61.153],[48.922,0],[0,61.153],[-48.923,0]],"o":[[0,61.153],[-48.923,0],[0,-61.153],[48.922,0]],"v":[[88.582,0],[0,110.727],[-88.582,0],[0,-110.727]],"c":true},"ix":2,"x":"var $bm_rt;\n$bm_rt = thisComp.layer('Ojo i').content('Trazado 1').path;"},"nm":"Trazado 1","mn":"ADBE Vector Shape - Group","hd":false},{"ty":"fl","c":{"a":0,"k":[0,0.635294117647,0.705882352941,1],"ix":4},"o":{"a":0,"k":100,"ix":5},"r":1,"bm":0,"nm":"Relleno 1","mn":"ADBE Vector Graphic - Fill","hd":false},{"ty":"tr","p":{"a":0,"k":[24.832,0.977],"ix":2},"a":{"a":0,"k":[0,0],"ix":1},"s":{"a":0,"k":[100,100],"ix":3},"r":{"a":0,"k":0,"ix":6},"o":{"a":0,"k":100,"ix":7},"sk":{"a":0,"k":0,"ix":4},"sa":{"a":0,"k":0,"ix":5},"nm":"Transformar"}],"nm":"Grupo 1","np":2,"cix":2,"bm":0,"ix":1,"mn":"ADBE Vector Group","hd":false}],"ip":0,"op":750,"st":0,"ct":1,"bm":0},{"ddd":0,"ind":2,"ty":4,"nm":"Ojo i","sr":1,"ks":{"o":{"a":0,"k":100,"ix":11},"r":{"a":0,"k":0,"ix":10},"p":{"a":1,"k":[{"i":{"x":0.667,"y":1},"o":{"x":0.333,"y":0},"t":0,"s":[249,480,0],"to":[0,1.328,0],"ti":[0,-2,0]},{"i":{"x":0.667,"y":1},"o":{"x":0.167,"y":0},"t":6,"s":[249,487.965,0],"to":[0,2,0],"ti":[0,1.328,0]},{"i":{"x":0.667,"y":1},"o":{"x":0.167,"y":0},"t":23,"s":[249,492,0],"to":[0,-1.328,0],"ti":[-4.667,6.667,0]},{"i":{"x":0.667,"y":1},"o":{"x":0.167,"y":0},"t":30,"s":[249,480,0],"to":[4.667,-6.667,0],"ti":[-4.667,4.667,0]},{"i":{"x":0.667,"y":0.667},"o":{"x":0.167,"y":0.167},"t":41,"s":[277,452,0],"to":[0,0,0],"ti":[0,0,0]},{"i":{"x":0.667,"y":1},"o":{"x":0.167,"y":0},"t":53,"s":[277,452,0],"to":[-6.667,-0.667,0],"ti":[6.667,0.667,0]},{"i":{"x":0.667,"y":0.667},"o":{"x":0.167,"y":0.167},"t":65,"s":[237,448,0],"to":[0,0,0],"ti":[0,0,0]},{"i":{"x":0.667,"y":1},"o":{"x":0.167,"y":0},"t":78,"s":[237,448,0],"to":[2,5.333,0],"ti":[-2,-5.333,0]},{"t":86,"s":[249,480,0]}],"ix":2,"l":2},"a":{"a":0,"k":[89,111,0],"ix":1,"l":2},"s":{"a":1,"k":[{"i":{"x":[0.667,0.667,0.667],"y":[1,1,1]},"o":{"x":[0.333,0.333,0.333],"y":[0,0,0]},"t":0,"s":[100,100,100]},{"i":{"x":[0.667,0.667,0.667],"y":[1,1,1]},"o":{"x":[0.167,0.167,0.167],"y":[0,0,0]},"t":6,"s":[100,100,100]},{"i":{"x":[0.667,0.667,0.667],"y":[1,1,1]},"o":{"x":[0.167,0.167,0.167],"y":[0,0,0]},"t":23,"s":[100,100,100]},{"t":30,"s":[100,100,100]}],"ix":6,"l":2}},"ao":0,"shapes":[{"ind":0,"ty":"sh","ix":1,"ks":{"a":1,"k":[{"i":{"x":0.667,"y":1},"o":{"x":0.333,"y":0},"t":0,"s":[{"i":[[0,-61.153],[48.922,0],[0,61.153],[-48.923,0]],"o":[[0,61.153],[-48.923,0],[0,-61.153],[48.922,0]],"v":[[177.414,110.977],[88.832,221.704],[0.25,110.977],[88.832,0.25]],"c":true}]},{"i":{"x":0.667,"y":1},"o":{"x":0.167,"y":0},"t":7,"s":[{"i":[[0,-61.153],[48.922,0],[0,61.153],[-48.923,0]],"o":[[0,61.153],[-48.923,0],[0,-61.153],[48.922,0]],"v":[[177.414,110.977],[88.832,109.704],[0.25,110.977],[88.832,0.25]],"c":true}]},{"i":{"x":0.667,"y":1},"o":{"x":0.167,"y":0},"t":24,"s":[{"i":[[0,-61.153],[48.922,0],[0,61.153],[-48.923,0]],"o":[[0,61.153],[-48.923,0],[0,-61.153],[48.922,0]],"v":[[177.414,110.977],[88.832,109.704],[0.25,110.977],[88.832,0.25]],"c":true}]},{"t":30,"s":[{"i":[[0,-61.153],[48.922,0],[0,61.153],[-48.923,0]],"o":[[0,61.153],[-48.923,0],[0,-61.153],[48.922,0]],"v":[[177.414,110.977],[88.832,221.704],[0.25,110.977],[88.832,0.25]],"c":true}]}],"ix":2},"nm":"Trazado 1","mn":"ADBE Vector Shape - Group","hd":false},{"ty":"fl","c":{"a":0,"k":[0,0.635294117647,0.705882352941,1],"ix":4},"o":{"a":0,"k":100,"ix":5},"r":1,"bm":0,"nm":"Relleno 1","mn":"ADBE Vector Graphic - Fill","hd":false}],"ip":0,"op":750,"st":0,"ct":1,"bm":0},{"ddd":0,"ind":3,"ty":4,"nm":"Boca","parent":2,"sr":1,"ks":{"o":{"a":0,"k":100,"ix":11},"r":{"a":0,"k":0,"ix":10},"p":{"a":1,"k":[{"i":{"x":0.667,"y":1},"o":{"x":0.333,"y":0},"t":0,"s":[342.109,136.27,0],"to":[0,-4.667,0],"ti":[0,4.667,0]},{"i":{"x":0.667,"y":0.667},"o":{"x":0.167,"y":0.167},"t":6,"s":[342.109,108.27,0],"to":[0,0,0],"ti":[0,0,0]},{"i":{"x":0.667,"y":1},"o":{"x":0.167,"y":0},"t":80,"s":[342.109,108.27,0],"to":[0,4.667,0],"ti":[0,-4.667,0]},{"t":88,"s":[342.109,136.27,0]}],"ix":2,"l":2},"a":{"a":0,"k":[192.177,30.246,0],"ix":1,"l":2},"s":{"a":0,"k":[100,85.59,100],"ix":6,"l":2}},"ao":0,"shapes":[{"ty":"gr","it":[{"ind":0,"ty":"sh","ix":1,"ks":{"a":0,"k":{"i":[[0,-21.344],[105.998,0],[0,21.345],[-105.998,0]],"o":[[0,21.345],[-105.999,0],[0,-21.344],[105.998,0]],"v":[[191.927,-8.652],[0,29.995],[-191.927,-8.652],[-7.382,-17.239]],"c":true},"ix":2},"nm":"Trazado 1","mn":"ADBE Vector Shape - Group","hd":false},{"ty":"fl","c":{"a":0,"k":[0,0.635294117647,0.705882352941,1],"ix":4},"o":{"a":0,"k":100,"ix":5},"r":1,"bm":0,"nm":"Relleno 1","mn":"ADBE Vector Graphic - Fill","hd":false},{"ty":"tr","p":{"a":0,"k":[192.177,30.246],"ix":2},"a":{"a":0,"k":[0,0],"ix":1},"s":{"a":0,"k":[100,100],"ix":3},"r":{"a":0,"k":0,"ix":6},"o":{"a":0,"k":100,"ix":7},"sk":{"a":0,"k":0,"ix":4},"sa":{"a":0,"k":0,"ix":5},"nm":"Transformar"}],"nm":"Grupo 1","np":2,"cix":2,"bm":0,"ix":1,"mn":"ADBE Vector Group","hd":false}],"ip":0,"op":750,"st":0,"ct":1,"bm":0},{"ddd":0,"ind":4,"ty":4,"nm":"Cuerpo","sr":1,"ks":{"o":{"a":0,"k":100,"ix":11},"r":{"a":0,"k":0,"ix":10},"p":{"a":0,"k":[500,460.014,0],"ix":2,"l":2},"a":{"a":0,"k":[406.25,376.723,0],"ix":1,"l":2},"s":{"a":0,"k":[100,100,100],"ix":6,"l":2}},"ao":0,"shapes":[{"ty":"gr","it":[{"ind":0,"ty":"sh","ix":1,"ks":{"a":0,"k":{"i":[[0,-224.227],[-224.227,0],[0,224.228],[224.227,0]],"o":[[0,224.228],[224.227,0],[0,-224.227],[-224.227,0]],"v":[[-406,7.382],[0,376.473],[406,7.382],[0,-376.473]],"c":true},"ix":2},"nm":"Trazado 1","mn":"ADBE Vector Shape - Group","hd":false},{"ty":"gf","o":{"a":0,"k":100,"ix":10},"r":1,"bm":0,"g":{"p":3,"k":{"a":0,"k":[0,1,1,1,0.8,0.9,0.965,0.91,1,0.8,0.929,0.82],"ix":9}},"s":{"a":0,"k":[-8,0],"ix":5},"e":{"a":0,"k":[399,0],"ix":6},"t":2,"h":{"a":0,"k":0,"ix":7},"a":{"a":0,"k":0,"ix":8},"nm":"Relleno de degradado 1","mn":"ADBE Vector Graphic - G-Fill","hd":false},{"ty":"tr","p":{"a":0,"k":[406.25,376.723],"ix":2},"a":{"a":0,"k":[0,0],"ix":1},"s":{"a":0,"k":[100,100],"ix":3},"r":{"a":0,"k":0,"ix":6},"o":{"a":0,"k":100,"ix":7},"sk":{"a":0,"k":0,"ix":4},"sa":{"a":0,"k":0,"ix":5},"nm":"Transformar"}],"nm":"Grupo 1","np":2,"cix":2,"bm":0,"ix":1,"mn":"ADBE Vector Group","hd":false}],"ip":0,"op":750,"st":0,"ct":1,"bm":0}],"markers":[]}